-254.2090325937802,249.3321319935597,2455.720207811726
610.7106951836085,-853.5698153492212,-355613.8764636572
-666.5967889447829,-771.2367145330525,-150454.79081224155
-30.881652413331867,-959.966442571992,-920581.8944085479
-216.33085999114033,419.14006862441977,-128879.35614197695
-828.5896119455736,877.3519305046838,-83185.6649361793
588.7510148418202,-289.2999221151133,262933.31254146254
-637.0097436559654,-22.752751687051237,405263.72580330615
854.3980729834326,-791.0449789982363,104243.90831948293
40.92299296087859,-891.1744035193306,-792517.1261351585
-863.2674993457297,554.4960758738166,437764.87726716796
-47.489824843677795,-485.7374679469414,-233685.60430382277
-418.6619223473162,417.8315103017209,694.6342225330882
-784.9100772092174,-929.0593002108362,-247067.3540036691
576.9894059930346,346.2339334083993,213038.83798474298
-450.75317515677807,408.17189026501916,36574.13291139822
656.2468805602987,-26.23655178216016,429971.611595705
877.2659227544856,558.1252229201292,458091.73476663517
-289.507332163633,85.99173165186477,76419.91746401782
-29.124853794392976,-364.7885158544904,-132222.40419077704
-789.764369490587,402.418171137812,461787.37485496304
-103.0568400760146,-939.4391491518627,-871925.2026727225
340.95045850986503,457.12929571063495,-92719.97783881394
244.28702451705,166.51494899305297,31948.92210923476
-911.1805565224038,628.9230215049022,434705.8396056218
849.8253829083953,320.79876289569563,619291.335159992
-134.94768697480828,-237.6563263208572,-38269.65122047493
-30.873055126813142,186.55317364312918,-33848.94106346027
-515.6729823803117,-65.37540582005717,261644.68107086816
-309.84835012053,242.97999651066013,36966.72136809411
-494.7032612909593,333.50639199734906,133504.80322882172
-217.41065013330822,-929.4919271694421,-816687.8518817757
-164.6764544070319,711.9536188322026,-479759.6207321979
596.137728243637,223.9524113627892,305225.50848027645
922.1016296315597,660.0230847096451,414640.9430195428
-835.7524883549737,966.9769100310816,-236562.12274172797
-927.6970588497131,778.0487664922572,255261.9499582852
992.0978823281307,-549.391967939643,682426.6736833677
871.2298879787726,-848.8598192524187,38478.524966255645
-4.1177701583706305,-891.1996192363333,-794219.8052959082
774.9126440146807,268.2623160738088,528524.9356285392
-843.2475621024383,-392.9301177562953,556672.3735517296
-775.041453438283,804.7625750482671,-46953.54765059147
59.87340751379024,-118.65048095029915,-10493.11170242491
447.31715835506293,339.912131507978,84552.38301255152
-521.6898689240585,-527.7828922601454,-6394.462024482957
-129.4951802770606,-283.8919507847216,-63825.63800536636
836.181269064788,-577.3083195840368,365914.218873855
353.047081875918,30.52364257561495,123710.54926501727
125.74023788198477,950.1669264776743,-887006.5807494121
-172.1862458263339,-568.661646681667,-293727.96515493834
-796.6719972602108,-952.2612066976548,-272115.1345627003
427.85727935783666,409.1417118439235,15664.91112891378
-779.1416911845774,-527.0420329416083,329288.4704547401
-87.43932743898864,-455.1775492844495,-199540.9653896148
829.078689001049,-241.29993198133914,629145.8153814994
778.1527077910405,-113.80159422177267,592570.8337951115
504.3082979398618,118.0131206084871,240399.7627352471
-838.0660409154763,-864.2192267745697,-44520.18299109442
-984.3158518687192,-113.61514291134155,955969.2955412777
-947.7917640401075,244.32964818060307,838612.2510022016
492.72952797152425,843.1048542629197,-468043.40754665807
-983.8603553989102,-810.6512440211554,310825.75949262304
845.8941664458101,872.9824138872558,-46561.35412936809
-319.1544368691955,450.4587367776097,-101053.51896598659
-888.4355131647611,-278.64863446963267,711672.5995605415
278.8605170032066,-487.04263174215816,-159447.33719103184
-298.43988463298393,-254.33970895994597,24377.67718591875
600.3330222467251,29.156794068780783,359549.6189595177
-191.39180773906654,631.9209642806967,-362693.28102781775
967.557775700441,-680.5602308712937,473005.8214747963
-444.30513154961653,536.791675678808,-90738.25315674054
951.9320958431256,-588.2780349801543,560103.6686561741
-143.40987441326126,815.2410694334484,-644051.6092117652
282.16859892407024,-723.1356541518176,-443306.0560868043
207.12103053160664,171.34946124361656,13538.483419997076
-679.1038754711066,415.3611506084043,288657.18824513874
703.6602626440293,-836.2233012563395,-204131.64433978638
-909.5702106973946,879.1874990023604,54347.309786077356
992.6814207571443,-942.80916135778,96527.28837626218
-579.1662712138746,-136.0820584291026,316915.24308548163
96.99708100858669,208.64655214297653,-34124.9499969655
-615.5070056253021,886.9364226812065,-407807.3439047102
-899.6357263454834,312.74865730318163,711532.7174722225
-608.1278183792951,709.9807448874367,-134253.21462415846
-661.6985032530307,-765.7426140215883,-148516.84172131412
934.4747332705223,516.821552533158,606138.50995823
-569.7786400374702,-313.9420297645064,226088.10059029076
174.690670772252,511.81584569252186,-231438.629447092
-750.0618122705228,849.1283917565062,-158426.30346044968
-94.41435339797918,374.467948914807,-131312.17463690398
277.4672078876078,993.6018945081504,-910256.6733172407
49.66967738111953,168.22581248830733,-25832.84713620664
0.5007920785805339,581.6958691798978,-338369.83342825086
-244.1679541190579,-470.9858480984342,-162209.67929031496
773.2839398186617,948.3303706029128,-301362.4402263864
492.6390323181249,149.92475649471643,220215.78355333852
-999.5719974684131,185.92278842554774,964576.8948670622
254.22004959242884,-486.8550873115921,-172400.042426401
654.3781822656643,-853.6892892896772,-300574.5972225991
905.6377266397961,-339.5248667801271,704902.556751235
-493.689732110062,202.72452381504928,202632.3190348663
993.0002270793964,894.4378854172455,186030.3201100591
615.2427402747679,-500.08440869487913,128439.21364109867
-950.2786342439065,-824.7200899450788,222866.25594144524
560.3967800917505,647.240526671662,-104875.74822900858
-369.36971656790803,386.23099138242657,-12740.391186795372
-488.0839784749645,574.5029164325247,-91827.63094552682
-582.7986269105875,-830.3303324893787,-349794.22152305616
37.76817458631161,-56.8210236140655,-1802.1937129680753
891.6768264555948,65.93488102064943,790740.1543027137
-157.69952269159148,-706.6534367817513,-474489.9402583049
46.0482138725572,31.38649240350193,1135.326095457685
311.6450438958168,-747.6034039777969,-461788.2162543634
-443.19286670684016,-431.419584526936,10297.059186432947
853.3983982232024,-985.9241995581475,-243757.70118444634
-337.30417901863024,-524.756216297219,-161594.97735914154
820.4040233041502,-411.1800509722991,503993.7271360541
-678.3924128091071,-546.2744212439386,161800.52245156193
-265.46509608769054,-807.0884679353081,-580920.077833316
701.5550996750839,-700.001083300918,2178.0412576581
628.2734598691651,929.9107246847205,-470006.4155076907
-299.02829706612135,942.8747318818163,-799594.8375749424
-525.5961829732922,-613.54860196882,-100190.53942179901
-905.9262013001569,-16.132158439813463,820442.0356662051
19.690138426787133,909.4713752007463,-826750.4807582706
-235.87730788510692,-61.347831313238245,51874.54796828798
-223.8081486207786,634.0467350313289,-351925.1748148277
619.8946037615993,-42.337500492764406,382476.8558247754
-229.18857309555406,35.370455127664144,51276.33294163802
76.26782381419663,-679.1612139158286,-455443.1735382686
35.111750884398845,-147.35053743229483,-20479.345831418035
-172.2954145034494,631.7723444302485,-369450.58532797714
226.35999728114024,-999.3883975138019,-947538.3207160871
163.66695534829904,675.4091829515384,-429390.6921422825
-70.57125408657342,-766.7428219541703,-582914.2531148928
634.9513450208066,-108.97440368195576,391287.78988589346
-692.0061161434394,709.4949938790998,-24510.68155957648
-312.73794512121054,801.9342073698144,-545293.4506312152
-738.1503122993744,-497.40853340648897,297450.6344420697
-967.0257498077212,803.5848586693972,289390.1757084703
145.7639690387138,982.7903283500734,-944629.694828526
538.9492871338298,60.943097994532174,286752.2729088922
-37.441080920055114,895.0404936835093,-799695.650792758
-764.2358125512654,-811.6791142007118,-74766.60724375921
655.3126247645384,34.51429743395344,428243.39944842935
639.2839096833596,956.2079154011531,-505649.6602957768
-71.61600738419314,350.135282367668,-117465.86344503381
814.6036181461654,398.07172408874425,505117.95717783837
-497.5177512867454,309.85483967434635,151513.89117580498
-194.06738371934821,-147.8577849755056,15800.224845809884
369.8412399970472,-785.9596234340846,-480949.9868660947
83.73191477292092,-500.38697518526556,-243376.09138351987
-707.972403877017,-212.2770397051124,456163.38306543615
-812.82335949225,-790.4792427535225,35824.38051208516
987.2269473450737,349.09100406707967,852752.516443711
-930.8353994716009,-963.8239672496289,-62502.098935358925
-902.4742114878126,76.37318365821746,808626.8392184572
747.2931901366968,540.2098898122701,266620.38697369624
956.4401734064099,-801.4369683543313,272476.5910607021
-449.7808808422348,-431.67553808648853,15959.070588957227
-303.87847818883006,62.17890430099578,88475.91336628688
222.09394751484817,-594.1170197862874,-303649.31167701166
-275.31158243260774,428.0846903316706,-107460.03467481573
-993.840248332936,181.43800875953485,954798.6881838468
-285.4665219499757,-949.0348399604273,-819175.992304498
811.7802498672548,-127.83295421823256,642645.909890382
912.0879425372469,396.96409959407185,674323.9185552961
204.25708336692097,370.1295431818407,-95274.92263043676
1.912872173455367,709.5892291416541,-503513.21503389487
-629.6692325452894,-781.7882880648382,-214709.58494117664
-413.32755012420847,-161.8692646234323,144638.0048619493
975.8991863297827,640.0419330410664,542725.5458281869
225.2086281809216,730.1266452992371,-482365.99196878547
88.7968343729628,182.38210850434498,-25378.355707831273
405.5743790519927,-378.705527285474,21072.700546840584
-139.17134373387597,-489.81023465721483,-220545.40305826318
-687.3264174511357,313.3041336239096,374258.1239803843
-311.7491797869376,-434.9286024755778,-91975.33815353084
-208.61728501765404,520.0283284488296,-226908.29078114673
-212.57258201257167,-891.7572744446204,-750043.9339014065
282.9887294714627,-967.0260335387427,-855056.7285338008
-871.0205170635913,-414.8664896800413,586562.5368862862
-694.9385715075884,97.22913109517935,473486.1142354841
835.2616493165948,7.946854159534315,697598.8703280452
-424.8481282416413,437.5725608559749,-10973.813943629793
-458.86566396662477,-160.56111361209173,184777.82636317637
812.5377487185382,399.07459580007355,500957.0600795982
81.69741961214696,-309.8754617162702,-89348.33340258841
-773.6402326794504,-678.5502447698057,138088.77494315087
201.24561795743674,437.089039766944,-150547.02993731853
-786.9049292973723,-46.51408028411648,617055.8080878252
394.8206079774676,-498.731491872721,-92849.78850189282
-794.3923465782914,-62.400657623628476,627165.3582303029
-282.77013093198565,316.1915751992694,-20018.16527970291
-976.3090850543316,-364.8416766345943,820069.9805500843
100.30370049866512,-612.4260803576276,-365004.8715684814
-783.6359327580917,-988.9170032287835,-363871.5641653534
921.1520554023225,-779.6978089660682,240592.4358654361
573.8473544420912,394.07906808853164,174002.47429466143
851.7530164091528,444.4015421085752,527990.4703336108
-678.4313492540704,-139.45981715072895,440820.0550509837
-13.13941784857237,817.9440599659871,-668859.8409322429
587.72148648783,390.721704473073,192753.09533312122
350.122913780494,402.73201783592725,-39607.02343605438
-191.4256874552217,924.704280456939,-818434.2124776812
-152.0092838543717,990.5939158957382,-958169.4838317338
-269.7393333512414,978.2189472566129,-884153.0008150638
-499.6468388194292,985.9033594415747,-722358.4706159341
575.1831298600346,314.0538265030825,232205.82693435714
91.5875694677824,838.8006543429094,-695198.254845077
-687.4320302351779,-269.75049649235126,399797.46583538846
-486.8476366916637,-479.2426763851032,7347.07848350142
46.071297284986414,-870.6490952959185,-755907.2827060799
-920.6243903568219,396.87542568017216,690039.1646110521
-139.35891313157876,-699.2580929034609,-469540.9738217703
516.9993645895985,-602.201434260959,-95358.22443990753
-890.6796042921942,-782.1029793934366,181625.08712600928
864.909702673437,297.1815811930511,659751.9015782512
446.50075389867317,-578.348480601873,-135124.04178241157
930.044767683187,-731.0058724310705,330613.68436616275
-581.7354513142552,-690.1217210229951,-137851.85451194044
-906.3383185475752,-722.1991440170241,299877.54404872365
-288.0770996872211,447.86080813439844,-117590.88809859531
907.2548882924211,326.51049439874595,716502.3293779801
632.924934651138,-36.90264792125504,399232.16747954715
-996.5502207668985,-33.667353451438025,991978.85182213
228.09037333384092,-610.8248462134513,-321081.7743441156
40.59955961478516,593.2621325089494,-350311.6336281518
-786.7613556124489,-72.35005428943133,613758.9003294547
596.3540981979553,46.25542735814683,353498.6458774117
782.1394130075905,0.7183887787467267,611741.5452974208
-47.87123668106751,-257.821359156725,-64180.19793604621
134.52088154224074,-607.5482440753788,-351019.0013081744
-573.0032757889015,-973.3250790930548,-619028.9555266894
629.0540665097722,-370.0278234652844,258788.42845402515
545.6526515587499,294.8798843188686,210782.6699771852
-35.71604323001232,-270.41652231610595,-71849.45979752892
117.97682885699125,-510.3311488679731,-246519.34935775356
-33.03144032273691,776.4980973889402,-601858.2191988495
-324.2750336633046,281.22657047232104,26065.913517713983
-179.7117199373272,83.61491127520752,25304.848895271498
500.2273943776614,530.9147641677921,-31643.040725477884
159.27929663811648,223.95549217690336,-24786.168138665922
-489.89009935380176,534.4985384222631,-45696.378130657686
193.39492470255936,-198.3548171749318,-1943.0365957920149
324.0543521750986,-281.15862507623837,25961.05070886205
-798.0440744826047,204.1339868741213,595203.6602196733
670.4385370093248,-763.4133624344945,-133312.130036337
634.3120127307928,-902.3312345577281,-411849.92736388417
810.8209279270726,-21.04942038832827,656987.4990658346
150.79052977792807,193.28453703514543,-14621.128386182296
-911.5974866830203,-373.49666811626713,691510.2166328463
-661.0069503490603,-928.3142254961845,-424837.11284881574
-823.8163016065514,-96.24908376517563,669409.4126670606
519.9254841819234,-491.3775611628434,28870.601487463544
117.62699739469309,-139.28991160255688,-5565.568958156975
132.72949664368718,-572.0623999548211,-309638.2701627831
21.72698932516773,608.8726583112555,-370253.85197387886
-62.064961418025874,278.43766433698505,-73675.47348561452
42.43396266308093,916.9151221516784,-838932.7000431356
-914.0741798488257,555.5426936190574,526903.9218327855
144.3060852144579,-764.2663201993666,-563278.7619611585
-571.387833617732,-677.2398168033234,-132169.71305743407
-687.4156659701807,-977.3935727256102,-482757.8981841055
697.6307359317256,-722.0840799011321,-34716.77473002352
632.597209970727,-905.4553737953654,-419670.2038721568
468.1194100791168,-496.1222645528639,-27001.519292241574
916.5666719408541,157.3182301310133,815345.4385811788
-334.15614327476374,666.4238415683443,-332460.40852244524
191.7348146297408,-151.57064072842948,13788.580010274422
-482.40408328943636,481.9724820654723,416.2261059693992
116.02878517354723,347.01139068896634,-106954.22627904126
661.1312169325857,744.7753566464933,-117595.84586514952
127.45951809547773,-48.548729081233,13888.949657728455
-254.999756477489,505.6086127370443,-190615.19347029977
-68.1841733688464,627.3445806385083,-388912.141358513
582.8452935797501,224.02378222090104,289521.9812475074
8.334037138594526,-457.598288020645,-209326.7370243977
284.77562070587186,-304.8130570054496,-11813.845572592865
-95.2293646923413,-804.1452367741937,-637580.9299269171
506.26889391913835,652.2771735297707,-169157.31815787885
923.6820083117308,923.1937139170851,901.8190627715085
632.8751087518871,-77.47649529609582,394528.2959543469
901.7905309479228,813.9173758978893,150764.66691883036
844.8984257074484,-915.5171007362034,-124318.21197749884
890.3086185024775,76.08907961431571,786859.8881432364
950.1678481395294,-699.0760327385141,414111.6400886838
-123.49893539888996,-778.8370649695846,-591335.1867257778
-115.47652634166387,-921.7976012131381,-836375.9894663587
-112.4825738354478,103.86302931742568,1864.8005576545365
672.5700977398949,-14.269488666144388,452146.91806705855
250.35320918166656,941.5558377958732,-823850.6663399294
-369.28280472180876,214.70637219403181,90270.96360248342
-653.2360621906122,613.9377055522992,49797.84664747573
-689.5824381769197,-267.92875946053175,403738.1188959658
-487.6821184826718,-728.0409968840542,-292209.84445618064
-188.5709209756539,-724.4720799830505,-489300.80243736133
469.3333582105581,455.6159513616047,12687.905994059925
802.9872768606298,631.491323314614,246007.27537840744
-118.58647533084785,-562.0385306261419,-301824.5577769989
-829.8356369139788,74.98656751975948,683004.1989840333
-788.273808007882,852.5440643539586,-105455.78527391923
634.7758255245652,831.4376291229157,-288348.1824511418
-25.42895988201262,-560.5954220383451,-313620.5952096692
-13.867845726424829,-274.6164724345429,-75221.88978730016
-573.7689867050344,16.99494096974218,328922.02208595694
841.6630009257823,-507.0601699969297,451286.59113007813
-604.4258469521362,-598.4463126163637,7192.615379684721
240.03297730777848,-988.6537330952283,-919820.3737678945
501.25938709071914,-288.3436721077337,168118.8999019912
-588.2737538250929,-105.77715441607367,334877.20304310403
878.8125735966289,-284.8475308274703,691173.4236930236
263.0651211201311,310.12507618058515,-26974.304926064506
267.1567944467209,126.41892227551085,55391.00890974581
-920.9312775260347,-520.804141527384,576877.4640936588
-968.8877404643633,-671.1264875584578,488332.69131958665
890.105960948547,-16.996375514282665,791999.7449355138
694.6726545512797,-328.8910181966478,374400.79513089394
-688.9434280359403,-730.8699939368696,-59527.90100336692
-234.22868860509212,-415.3657579092355,-117665.63427785246
-978.023665200406,-72.07300475537141,951335.771677568
404.18803830908877,272.37158521250876,89181.68988097449
880.4026988929629,-429.7742014669892,590403.0479714249
62.16291977891629,779.130612194363,-603180.282262923
728.2596790062057,-806.9744956368088,-120845.6765420601
606.9839406423396,-219.6694056303701,320174.8564277031
835.4029644784335,486.8709292252425,460854.8113347039
735.7511225163339,-640.1110485841028,131587.5597646057
-804.619005647914,-954.382565690119,-263434.33744341636
858.7108221102723,84.50154745687051,730243.7644866939
-799.5358144851298,-97.76904468586712,629698.7325456127
-646.0755676076922,172.502161843315,387656.64321898436
182.75322843505546,204.2967682957702,-8338.427032660053
648.3804552602319,871.8020269980661,-339641.55951447133
-707.1735636160449,-387.7508337175367,349743.7400287716
-939.8517768954597,576.9693195610913,550427.7668187642
64.82947353689595,-577.6287190432365,-329452.07642445917
-34.73263282920593,988.6467981283378,-976216.1356661659
701.7028573496999,-664.7783519229072,50456.64282739669
971.1113641536633,-965.9775227910185,9944.707050916157
978.850817637101,-981.8386506975835,-5858.212814830011
398.45709621491994,790.4769658868552,-466085.7760736624
-920.3456296362823,-578.5644912562377,512299.20744801575
-741.5391519231032,-797.3005236575715,-85807.8111898026
-711.4725053103338,752.6633117178031,-60308.93499344797
643.5122683474829,-945.5518888789816,-479960.3350488872
897.2874313263487,-415.174375038623,632754.9727275257
-986.1936559244209,-526.3472194672056,695536.5315447163
835.8486735035468,756.0933919371389,126965.78766663093
-151.60522613988624,-802.8217343309999,-621538.5925213086
808.0088356292897,-773.5635335479004,54477.738019886776
-396.4774622938411,-688.6218178430594,-317005.6299025155
538.2802984938945,722.2569811005503,-231909.4670018045
-662.3025721140667,338.42476763010075,324113.3736834208
584.51891149991,187.9689620485727,306330.0272074219
-24.6575339157703,160.41784690690102,-25125.89162743857
-435.89883613453526,14.152667804362922,189807.49733746177
-86.57958696187826,-599.8862175126618,-352367.44908315915
-886.4079006514595,-989.3062710548852,-193007.93161119428
-46.67538474344909,-148.8923321805007,-19990.33504119956
-406.24635341974886,-449.3190313545906,-36851.4922705841
148.98955943892113,443.4135732457281,-174417.70811674086
-68.54183801228658,1000.3405902685064,-995983.3129806413
223.4584929015313,369.9356046096579,-86918.65350808944
165.997637551966,-168.917542210001,-977.9203934335965
840.4108299354141,896.0013425135261,-96528.04271330952
976.7676788816364,-81.9965390746571,947351.6660875977
561.7441381701332,236.35669247796469,259691.99068938248
-615.7963009199724,444.47103222905145,181650.5857359627
826.7282911484654,-528.2092144729011,404474.6931311825
945.3820092875067,753.4363391654261,326080.8263094843
-231.3297550132547,12.28947725756448,53362.42430322824
-181.20990370930215,974.3906972134765,-916600.2016138303
-124.20457240327289,518.0388561493411,-252937.48067463783
-317.64770507019324,-250.4160463434611,38191.868270070016
-77.50326963918961,840.2846015486097,-700071.4547949408
529.7929224897932,239.78430466555128,223184.02795633415
-660.9529181783402,480.88293204605463,205610.3657152532
-133.86282192934647,-15.093616798152874,17691.43782683844
-844.0753488678971,689.2506874791419,237396.68437599245
369.80839246956094,-287.3237203408185,54203.32687043192
-719.8584668452728,-446.13533189289853,319159.47792563995
-196.94528037420739,178.0751567005826,7076.682027738105
-206.059388973276,-753.4591380639607,-525240.2009480468
309.35248672496897,147.28994803241306,74004.63225153116
-684.439392811146,-449.4108960230043,266487.1289674907
-354.9371166764047,-965.8765379011074,-806937.1296732697
-777.2816277562952,213.1007366884658,558754.804870309
-956.043522395857,-137.98819659590845,894978.4743152866
646.628107442434,237.27266317409683,361829.5926448556
729.9127369375022,-776.6365479212091,-70391.72402337706
-895.7054439596736,918.2079340394885,-40817.56779406953
827.8008409314917,-390.38710537324533,532852.1402051835
-29.574776357826575,-510.10256042836977,-259329.95475896317
-619.0432344792001,-617.8862392053645,1431.1215551209752
-657.6079503325435,-313.5762332442915,334118.1622848907
-242.57059978970497,547.8371000417607,-241284.99229982885
-418.4392780986657,-297.5548796574974,86552.52304774473
396.34246652989754,-343.9172318993134,38808.288377716846
-906.6734081058323,70.63245494631674,817067.7252745017
747.6239993585182,431.602707146483,372660.74760065286
475.8339645154992,-163.8824832545145,199560.4934688711
-342.4768319674421,-955.3991474119834,-795497.1504410893
137.3839375337091,24.120352885645573,18292.55486893801
661.3750937152603,-881.0173286004103,-338774.5187073341
359.4591238945197,-741.1224463787522,-420051.6187754108
192.16891424827656,-355.09566231571694,-89164.03779207621
653.8228475437464,956.6039635021671,-487606.82701784227
-180.61608871155988,-947.9447174165053,-865977.015776396
-307.4326646929648,187.16597638149446,59483.740605378785
917.4374766037225,-393.63003975762797,686746.9152774141
849.2226442214454,-601.05632535913,359910.39320424333
495.27745467609697,-893.8951858190228,-553748.846119992
-31.068985170715887,135.48937568768636,-17392.089084700856
-174.4523379806158,573.0033103067917,-297899.1753956384
408.6844501841538,646.9784756838679,-251558.1681758972
-176.98882801291566,169.00763745033214,2761.463724842528
891.9217582623165,-329.5412559752169,686926.9834720187
-554.2786465457804,-197.0365673237409,268401.409153899
666.5324636888035,-496.5639753387887,197689.74354680505
22.239413350523233,-669.450167477193,-447668.9352290663
696.3902018817647,-265.67330656563144,414377.00745540904
644.2733132840966,-805.9376652586556,-234447.41807250504
826.7951328338171,119.01034867033792,669426.7285870538
-629.5582296644071,-354.86347137867074,270415.48121926177
766.3821256784177,-345.582637048303,467914.2035301108
-819.5176833278304,-176.995800160493,640281.720012561
-660.2051285159188,-431.82478996811807,249398.16248771155
660.7901131104816,606.2603345887969,69091.98028884304
131.05541272905376,-596.1756867228962,-338249.9282339342
-595.0378028110218,836.261736263091,-345263.7047635911
771.4232999200676,-662.9789031529016,155552.88163374213
211.26513214959195,321.2055656905845,-58540.059368423834
946.2373795623133,829.9359214860305,206571.544708087
-262.1387708426662,553.4345416112922,-237573.05666959722
-111.08787913334412,-984.8195627365177,-957529.0542582015
-999.7847894798456,-302.5711456853646,908020.327073905
316.7821290482835,-309.44570595428127,4594.272350819825
-172.58129075865227,-167.7510293991425,1643.8940554505025
833.4064910752082,131.72666539659983,677214.4649897834
-64.02918437380598,929.494293343353,-859859.9049062843
496.20433596431917,-871.9979860495908,-514161.74464475154
934.4514874236852,-427.2259675659942,690677.5549856377
278.1820144650587,990.7941711290986,-904287.8563715593
280.0214530822765,726.2554483638477,-449034.96209186385
220.33209008588636,323.47627740743167,-56090.67212375454
234.3941127943947,854.6446073987124,-675476.804843028
933.7810147063823,-39.67682721996,870372.7328078384
-929.8692353563723,-529.7864486136297,583983.1137276024
938.5501775071779,-111.45621247596789,868453.9483992669
-184.91647853232706,222.25841851462388,-15204.70056782513
22.471604100577537,516.3176956427978,-266078.98984303576
522.7802954215965,-479.60918698761793,43274.26503816788
-928.0540861199714,-668.3228451707694,414628.9613868232
-569.418605822218,352.74153795006305,199810.95606114267
654.3682898020559,699.7396477502981,-61437.715935243876
-77.64981867571544,572.8930110527175,-322176.9077726776
-794.8083547094539,37.37941560310854,630323.1000051191
-735.4415926269272,455.4486576203601,333440.8564374432
-540.0569011748174,-908.0220580464654,-532842.6013923921
-128.5462516606089,-460.6952374567155,-195715.9629993069
-166.04560318181294,-199.05562932116942,-12052.001228434714
-238.20732971834215,-996.8682667808873,-937003.6093831874
889.3535701358302,-454.9419185136631,583977.6234924545
-346.7831819178403,15.947474599764924,120004.25331495175
285.3321978799635,-159.97045085311896,55823.918000860474
-449.42183727186784,685.5283918589639,-267969.1882279159
-4.651642670956322,250.05836953763801,-62507.55039628367
469.45061211759685,869.1867116488197,-535101.6624893021
524.5361981544464,845.2833752844731,-439365.7613579906
94.74871208196258,-491.7985789143852,-232888.52378101813
-652.4081980607654,-579.3495763295151,89990.52530370618
940.4603914257673,403.2013768633539,721894.397536203
359.32879051287256,798.1712923964703,-507960.2323144079
-503.6445104520254,-101.45447225972606,243364.78296696075
-770.8606491513427,589.8842223805648,246262.74459650595
-362.24359799682094,-572.1399454249035,-196123.69286112918
-73.08915261540182,-406.7583898220485,-160110.3634605881
-1.723007617294284,997.6936924818897,-995389.7352628981
-254.91894823986064,-172.53814175088698,35214.259812867575
557.4027999135653,156.27701345999537,286275.37641550653
167.97254578399625,740.9745340139885,-520828.4839200908
403.55850473300524,80.50447722504552,156378.49588906116
-400.852454102603,-343.15599237268685,42926.654858795955
679.2021768865864,-517.5499211737679,193457.67618050438
677.3332897673489,-91.21453029863429,450460.294889459
150.00059996391235,44.19541913776166,20546.944916771234
-508.41325597593885,571.5828354269437,-68222.89890264909
477.6291692178407,-496.4795995779542,-18362.369509361073
868.5606805658705,-383.8799902922718,607033.8088782534
450.19108554147755,-81.1526161870648,196086.2663870089
-240.16572704512524,166.91183013199583,29820.01740910137
-841.8362904638321,976.9996981735321,-245840.07028926734
905.4666465381885,-864.361072781163,72749.78385370981
959.6488641407012,-457.08300376704375,712001.0701138347
-886.686216958522,-860.5125427432268,45730.61112580134
-510.96886159267774,-995.917402440028,-730762.2949655757
794.1526372599812,155.78096672626015,606410.7016728153
-63.434507041207844,-329.81624190847594,-104754.81674306928
841.6731836035499,-284.71194927611333,627352.8539367309
946.799562168249,538.3583189870533,606599.7312994222
-338.69425842316923,177.4369846088849,83229.9171817269
711.4450622886754,942.1668534628093,-381524.3031090735
-244.25434081077017,-34.25635388725677,58486.6852232549
-128.70137526362564,464.85860024734495,-199529.47422917228
823.2306739757468,-373.24802575823566,538394.6538421416
335.203954647303,-267.85923385067093,40613.122052122766
325.55421302495876,44.86615711428782,103972.57356409627
941.4386880603711,746.3942652250489,329202.40421599196
659.9711870201363,-938.3190659409538,-444880.7018115362
-897.8710430358121,89.82975688229735,798103.0247006846
-192.24757835485133,-766.322787968495,-550291.4839765023
-736.1789823873413,-854.8252346675328,-188766.687715541
-27.649497373247513,235.57036768364026,-54728.90342561224
-13.96502387732032,-590.6069669683483,-348621.5675396575
-331.88910622661183,-330.80242212609505,720.1363474080426
973.4403047598415,61.24519583411955,943835.0529181735
-209.1697400750236,-814.8294851088017,-620195.1096396219
917.1974119698865,377.3209664812812,698879.9807778896
-564.9216296143194,60.290091434482285,315501.55248092004
562.617695797043,-988.8772322716467,-661339.5088812583
-325.1211521263825,-316.20646255190917,5717.2366003944335
-445.99552723601255,-996.2441714274975,-793590.4387887322
882.508991684649,-68.18488366817655,774172.9420434132
983.9747812079775,-996.7583038496905,-25320.746240024804
970.2821193794198,-422.14391413543956,763241.9069458293
119.9733565494209,-229.1356399585981,-38109.53521750182
712.3627951889524,807.620484530891,-144790.09506449365
757.4836513933146,-880.8546714668946,-202123.47011690226
-437.26972156163515,-385.7189105812405,42425.73141461096
-274.49165074360224,60.57311460869132,71676.56411455006
-570.1461363583365,912.7265861385288,-508003.20423975436
371.82728234314857,292.92758599621334,52448.95725712257
-50.39273745118374,404.5667726579147,-161134.84555101692
636.2022296537434,800.7720363761077,-236482.57722554397
-313.6380067019668,606.0310201082876,-268904.79808550875
251.45900491823866,-76.81356106215392,57331.30799142153
958.2646986159871,-519.433074056162,648460.5141901543
481.48541130874156,522.5915253624659,-41273.70107752076
600.7467028009975,976.0675385498093,-591811.2388844136
952.062224085259,-763.5209280290761,323458.27099178825
-741.1125886543119,-87.80194404220394,541538.6876843051
-953.9512834231574,-756.7806701974199,337306.0683602332
-85.32720242072664,655.959603772547,-423002.2703084892
-298.3136643890229,-566.8201036766826,-232293.9875708386
-1.393272417299252,-461.66399359331774,-213131.7017725021
-899.0728223741169,-53.48112464103899,805471.70923889
-275.08454984792536,-984.0925979369804,-892766.7317493196
-730.4469703307079,-391.5053352297466,380276.34895195387
-134.63887091779554,-106.17885489729424,6853.676334718144
-472.33134464224446,913.1480613199628,-610742.4827608559
724.0709136390697,376.0092188852157,382895.75529144704
471.79604606352177,452.31534174032504,18002.340707505733
811.6131077466861,-737.3469200995987,115035.35608586983
-773.2483463700999,481.8064877636433,365775.51351295615
0.29534914916606037,102.66338436038752,-10539.68325720875
830.2426455232248,654.6479718995809,260738.88333316875
256.6574416252033,142.9047058005649,45451.28740164863
506.60824180023366,-734.3989609970346,-282689.9232535999
-905.3100265895298,-112.87059179337844,806846.4737517476
-218.1802187283168,-853.5636112521912,-680968.2306095456
895.2946106930356,502.45570639606115,549090.7030460293
-481.53304013880194,468.9897098497916,11922.720800325304
807.1508708542582,556.8112723447896,341453.73531056393
145.76746188188005,-891.9104591924197,-774256.1142733477
-265.2556715711806,-686.4196961503835,-400811.42796250683
-970.595805462642,402.03419098346757,780424.7268619435
-938.6257355847558,792.1661534205371,253491.05687693402
389.38976823093805,-13.21453625941481,151449.76763439225
440.6404221576223,-831.4154846040875,-497087.726400202
241.482860473295,-675.4465711846749,-397914.09862276923
-235.45732536763379,965.7528284328679,-877238.3735568045
939.4239753416559,308.13119432176603,787572.5725325623
561.012704669085,-346.32325852745186,194795.45540304974
-926.6566979332214,-656.7024213687126,427434.56559297134
28.53765638978726,-284.4690718899133,-80108.2550296871
562.8257817171215,-298.3364770297334,227768.20703897625
437.0376153775537,101.99802636822805,180598.27987188482
-661.9670397727634,514.1405606147766,173859.8456762386
-457.4119093272704,142.17121725508395,189012.99977862675
872.6099281825748,23.12375582185519,760913.3786794895
-665.5970123515195,306.9890468605504,348777.10795891966
538.683224837233,346.7166516795382,169967.18016917066
-376.86809042618984,264.5475999795645,72044.12492653514
871.3278623832415,-298.32962064354217,670211.6812120292
157.2268903985927,117.63377665396625,10882.589654535866
736.1403080472678,-828.8802320204005,-145139.8859022666
-448.30735588363905,-506.5911469278539,-55655.10480629868
-45.29036539324932,106.14632407884335,-9215.824917996804
-471.31741161926163,-460.1029146740746,10445.410403901711
177.83116032314553,941.6011158769378,-854988.7398388182
220.03783827080247,892.8530410208779,-748769.9025893416
-722.3045665190073,341.9322532343349,404806.2210123016
-725.187275214775,37.22853906588676,524510.6200124496
-42.628548614734335,-769.9543403785543,-591012.493110776
583.4721384681809,-306.48772485071714,246505.01088446315
862.2419854551696,111.40204431607665,731050.8260038717
488.13255192667367,642.9574241626527,-175120.86103542655
-668.7351267928772,7.121166241401857,447155.9587980478
505.25010923526065,482.4547074129463,22515.128177331237
-171.12166370567917,-428.61242379325677,-154425.98604053078
417.96460560079197,-31.55413077752637,173698.74836590033
807.4732253184492,-806.3389249192576,1830.5477662348421
-104.24835354328367,-808.2457168748222,-642393.4196300097
-157.74642941900223,427.45216289946416,-157831.4155729858
-145.78819711901642,-70.71858832273583,16253.079684852597
131.6025538631247,-844.404026436414,-695698.9276787315
119.54641182557009,602.634408849149,-348876.88614859455
-386.89257458457854,773.3326940884801,-448357.59147746314
-384.894153072868,5.908745173235275,148108.59580015813
596.0279302343887,-251.98941287289142,291750.62941946473
-261.01163606017906,-472.58046235313765,-155205.219239094
-377.8272538912712,961.8562229986173,-782413.9599381468
-672.8889913760665,-162.00268884695038,426534.72352145833
-632.128261927576,768.5878931302158,-191141.2099387659
702.3680666156125,-115.36796040938756,480011.1347123315
-230.37506623153143,-324.3198401676568,-52110.687585191976
-734.7561533547988,-365.67960002528775,406145.0350180862
-505.7378221993369,-422.615682426554,77166.72977006616
270.3136392852068,885.9146134219917,-711775.238691024
-103.9973759385967,-761.9697179409269,-569782.3968568619
426.850593390725,9.43711840634884,182112.3698741986
-992.2939645635744,-504.9472086366182,729675.6285993838
329.8015350947199,-2.32602985434066,108763.64213595047
-715.8166876831403,-657.8695494749888,79601.18623923766
577.2348350312822,906.4192589064224,-488395.81814287655
313.3836552400534,443.7249399120495,-98682.5069283353
-884.3820813247586,-901.2919839356368,-30195.57453832426
502.8343430492677,585.4637442420925,-89925.4192721817
-436.9460171889056,944.5136391071236,-701184.1925221343
158.97292963853943,895.4331665084958,-776528.1633255716
-884.571238352583,331.45413309197113,672604.4333768722
20.029469568960256,-551.5807030862006,-303840.0923658535
-336.0490472181627,255.62006670476242,47587.34363408774
-736.6222936910697,900.2727634553144,-267878.645056776
861.2776507274656,-583.2994839022931,401560.90372194076
-760.9151212977671,3.204693773525113,578981.5517574135
-453.43059058094553,-567.3075545770402,-116238.56100559633
185.04105806946262,359.5590128646316,-95042.49056072207
172.4417554494087,768.0918819947339,-560228.9801637385
-561.7040827100316,-797.7589301905286,-320907.8341656188
159.8733306787984,883.6428969858547,-755265.2875312214
838.9317380168475,751.0118319567484,139787.6893129371
-708.9988583294951,-61.33472291674111,498917.43287725403
-130.32315069906977,-250.56054966113726,-45796.46543835878
-60.18180098984356,705.1232258378362,-493576.91444557504
-3.823519457136779,-299.7795833004267,-89853.17926273835
971.7140167190062,-966.2321783590661,10623.507791678887
115.04587174471109,326.0770802050947,-93090.70962957926
812.9800043298351,-535.0138529810017,374696.6645585618
336.9533572327748,892.9940553546634,-683900.8179483296
-258.11884704818215,-403.69097056062446,-96341.06051069613
628.5768169447265,280.67350349781043,316331.1992346288
-298.57782814385354,845.4736193418313,-625676.9215438754
92.81655238516502,728.5313225278188,-522142.9755074646
-776.7408356124953,-844.2521525968364,-109435.37145639444
-623.1535977192798,624.9230064302848,-2208.3576153838076
-392.5305172740877,96.02413973841217,144859.57157896075
-228.84580814694579,-723.5050034354058,-471089.0860896378
996.0492582910135,-736.7871685959343,449258.7931344644
414.5096251725992,-232.61677368491837,117707.66596114816
886.3201401201665,704.0226776029929,289915.4602033438
176.21925692496737,-34.862922195069984,29837.803167208156
-962.0362654061897,-945.3866917191593,31757.779076991836
-425.2786362404116,500.5916903190473,-69730.12197397664
-967.0033148768083,885.0568188722997,151769.838350381
-129.94924738949646,426.53140436322764,-165042.23201097065
-947.0314927767488,-92.81718016386577,888253.6193773857
965.2277421341431,-23.766171507336267,931099.7632772598
-857.1068904829365,-263.54545484666835,665176.0149429912
669.1671612845261,557.8543216291611,136583.24558125949
768.5688062810879,-785.6018813819778,-26472.30604256678
-396.65268553317736,943.6223838448436,-733089.8503523436
-246.29184839606626,-428.8862086259193,-123283.70536316471
698.5897637218964,-916.8053272282328,-352504.3500570521
714.873727561613,-565.6356716515621,191100.73331312154
354.5949720018646,525.6264485742566,-150545.56927178253
-664.190828753235,-275.3097744421068,365353.9850965454
-28.031560321327486,-117.08655325553745,-12923.492579213587
70.81578604400805,-687.7780861471177,-468023.8202311614
-351.5816313408068,-135.46364121505212,105259.24540502261
825.1515334515838,243.36806100597468,621647.0400396923
-325.0717384712833,-467.2642516817755,-112664.2457469872
643.3853633741672,103.75487022080965,403179.65270957217
936.1062879644189,-901.6294907527023,63359.24377154629
224.4635011878253,-55.4078623406545,47313.832156335935
-245.291731407116,935.8927613888263,-815727.227323302
-281.0753889140258,-155.70461759258316,54759.44631351829
-667.7984789751765,-66.56282740278436,441524.19852970645
459.4135170251404,-557.0173192265886,-99207.51429296637
-230.52321322604735,842.4696771782645,-656614.2051287876
286.8652779364314,-227.41566184671302,30573.80443236752
-699.0031319369829,-487.2455679040865,251197.1350155353
551.8460412783485,-710.3305049647525,-200035.37300889567
288.2204896612893,-536.3320250327118,-204580.99041509605
-732.2307742061083,4.885759208771305,536138.0360514307
-18.882925320621275,-554.5180016043844,-307133.6492346559
752.6572347107947,-340.19690585817415,450758.97820702486
711.9486706315068,-924.4199773349336,-347681.38488194934
81.502967264148,-492.6252355947608,-236036.8890719328
-797.7838478433447,474.0325551271511,411752.2045593574
825.7454825833512,-439.0100976667482,489125.7361534437
-484.70793492645697,-72.91919612720696,229624.57301683238
443.2811377895275,-660.7814151462658,-240133.91148272358
-573.6582721624831,682.0842484196831,-136155.10872179858
-406.71928419444066,468.14064899076624,-53735.0911018576
-504.8375627207768,-232.06078254138842,201008.7579401327
-408.02956706875403,11.438906301558863,166357.279024939
664.0999703497523,416.1911091690828,267813.73126715055
-46.43428448740251,-779.5658655299907,-605566.7959236664
602.9258942551749,742.3295485767436,-187533.5247267497
-968.6689396512436,290.0280909310275,854203.2211159682
864.834053385652,-93.79252987959724,739140.9012342418
312.3256015538404,-852.0452963966148,-628433.905725627
483.7172617299617,393.16678182314513,79402.27096636366
959.669199359917,408.17411183366323,754358.8666289044
-61.94159562164474,-211.05188009323007,-40706.1348227318
316.0905051247755,348.55192862137676,-21575.23951564559
-774.7436625978727,-787.8472500126968,-20475.54661700246
45.86418138958745,49.60604929192195,-357.23699181561005
653.2721171547489,488.72240720169776,187914.8677508259
494.56922596345595,126.268954406215,228654.87042325313
-130.47812618216548,-962.2962267021115,-908989.4865131126
883.7002658369847,434.88461479625505,591801.5316538704
383.53477684266574,-656.8933730705394,-284409.9785362374
-974.0959740835117,856.6477400435202,215017.61620403477
24.421769044573153,-584.866042631651,-341471.8650203417
-106.70792482471055,-483.5510001479035,-222434.9885236417
57.577070285482634,477.9441326650921,-225115.4749263278
-168.64272917680432,880.2546684351498,-746407.9111976746
662.4873932223297,825.3447902335428,-242304.47658713302
116.0787187938869,-149.02976916000028,-8735.603139052699
-985.5877442237146,-580.9363527722326,633896.1555916864
737.433032794644,402.45372306105077,381838.47865100554
-597.0304570535469,-909.5202803817571,-470781.77377614286
903.7955049827998,846.9351388958637,99547.18533055822
-671.6483107378051,452.8831001441611,246008.35092076095
-65.71796025926726,-756.5748352255981,-568086.6309960024
794.5776493781865,-630.6386857952788,233648.48886976799
419.0870537670706,-229.50005413330433,122963.6837879739
231.48739870083952,109.50498411746025,41595.074210716215
-239.96111112697736,140.53282095844978,37831.86108675388
221.91255525100573,-642.3071546457572,-363313.298731098
-582.5351270917224,-774.2318529884276,-260087.78788612492
471.9879770186493,149.0737425409408,200549.66973499433
-19.861880008747956,0.6953023959285815,394.01083206011765
329.5533915371553,-714.3617995760749,-401707.3428199266
66.80672844696306,545.5011633943117,-293108.38029876124
-156.72043231319515,382.40074048579964,-121669.03241965311
576.432700846519,-100.73513612081862,322127.09095593257
-787.0251073554001,-702.4646195135592,125951.97793944954
-719.7577902002739,-617.4509283761804,136805.62760137446
-575.0651971165828,946.0870441436274,-564380.7141616917
991.5375137928246,-858.6566560897675,245855.38821119466
-528.8927313361144,137.52485625409747,260814.4351724651
-108.30613735261659,-153.57040737677576,-11853.650633625015
-754.6327578522041,316.2914611323271,469430.3108384009
-240.61260723158256,889.4459647544803,-733219.6974592485
-436.77124818762286,-789.2054234559679,-432076.0771689395
181.75993182326908,-475.16273511410736,-192742.95202471994
88.97154283285364,131.27759863463476,-9317.872469217948
-756.5079642914798,-208.73612921461356,528733.528396939
-109.01387506479895,-218.17686522698563,-35717.11956363065
-641.4132479170916,-201.1234113936676,370960.3279929259
-713.4804081652098,709.0011042411063,6371.727020486374
962.5725082434782,434.74659926602317,737541.2280527687
-248.38625941424635,122.75253974528928,46627.54785188247
-200.61646765556176,956.6473827311929,-874927.2477918464
776.9364971312325,-580.1071626625128,267106.0004021985
-276.5721589240457,479.10662566677,-153050.99966589088
343.9501200993544,-622.1018389907655,-268709.012959332
611.814742597898,848.6818024586187,-345943.5225642777
575.0664619311754,-704.9735904164351,-166286.32754659955
-465.49967397407596,-209.62326161718266,172748.0346589452
711.4326949265873,-516.3478949235686,239521.33081850596
-431.94815883692587,861.9928619298094,-556452.4820953332
926.7736765695473,772.3493427998213,262385.94025891996
-598.571282874072,-711.4808539107723,-147917.4248000894
706.4335842794682,-689.4189818543322,23749.876456872444
-349.7971915651013,-829.8140864380738,-566233.3428242229
595.6096908089797,110.38554621699471,342565.93497194414
-425.0811917994683,167.44978600926342,152654.58878710822
-910.5894050421784,912.2748266576773,-3072.294778226642
-609.823478121411,-861.2229977945105,-369820.3774620685
-841.4472742854748,-263.44432912033415,638630.6008567922
-188.22445176597833,306.80350568007873,-58699.946854983005
-493.84538581316195,550.261388782089,-58904.3308954426
505.1441526351013,948.3192577586494,-644138.7996944813
-21.20735838024819,491.4344951922262,-241058.11101536994
-64.63665200723065,854.630741631108,-726215.8077582339
-696.0108855607359,341.6276789490608,367721.68179491727
-501.86268267658454,798.8517180503867,-386297.91516871634
291.6978632791257,257.6902314803027,18683.38804123552
-921.5654824816246,-393.8165110130279,694191.4941551152
-459.8336999266555,-758.7942849083872,-364321.7352213932
-468.5645521225385,-574.6582928881926,-110679.41407937664
735.6158447671874,-348.0348833263796,420002.391060536
-329.1255719965221,134.96814938838668,90107.24079271201
-43.96984637241762,-515.0730450200434,-263366.8943162057
-402.1219665935977,-847.4682451151601,-556500.3504614667
37.03949030754723,-351.7085816402639,-122327.00255716329
746.4315276523049,-796.6542846937035,-77498.02384748287
-602.7161348896734,66.85787638451278,358796.76362170023
-720.638717568778,-20.65091414177516,518893.70100428205
-351.05032410549535,810.4471395554298,-533588.2359590048
-24.755037267458516,-976.5822353352196,-953100.050502221
-977.9772190747391,827.5295991800052,271634.20351014007
539.8266803303366,-73.26632046064944,286044.8910826288
-391.82618356719894,370.37777115154995,16348.064765646384
117.59412202462279,-825.0182207398444,-666826.6870179968
-161.35874561855223,-777.9339759796488,-579144.6261959121
482.2468815753918,-864.7480131001232,-515227.07137142087
-577.3107925019574,306.4449461082609,239379.2461439432
-661.6458985159945,705.2572913471764,-59612.55197531835
193.45297288982206,-505.7767318902881,-218386.04980171015
-349.7845802307931,216.9309553111376,75290.21319502936
-686.2228606141823,-508.5266766923339,212302.43352176197
-724.5112353543059,445.74640592284794,326226.6717614861
-89.28087987150968,-878.0981376955586,-763085.2639137773
979.5416358155397,-822.8745449353274,282379.29959366133
-167.37643300327386,882.1334265509901,-750144.5119136915
600.5024326344233,751.5277923605088,-204190.8510903999
-218.0089815655137,-316.49464561640474,-52640.94466062114
-652.5790938544833,978.1609957471178,-530939.4598650546
114.89067598091037,77.89266327437736,7132.600435375
984.5213886208558,813.003792423105,308307.19815758686
65.86133700258348,299.9653302051927,-85641.48361334241
-645.0512328660919,108.09839992221099,404405.8289563229
-732.4192707913269,567.5526002738313,214322.0341489117
504.86157560838984,-625.2169851668752,-136011.0680153708
-707.1938528760844,248.101715972424,438568.6840772596
-164.22266075806485,187.26339522888406,-8098.496886190787
473.02304712063545,-811.165883556402,-434239.28753854753
772.2535810945237,-476.6731043386884,369158.345113434
481.0449011767457,-481.05857795401073,-13.158474989962997
-999.4380751262479,-430.3694549296307,813658.598275632
745.5320320054587,745.0167852835666,768.0003919283627
-902.7251621288508,432.3424638818742,627992.7122651103
270.4883342506703,404.6140564358829,-90548.59569979752
-872.1520333109659,-721.2201557767467,240490.65610981738
468.2231996754342,820.1927051170967,-453483.1088129992
-554.4522946330331,143.18690297295686,286914.85784084885
-728.4357481386801,-631.3293983045241,132041.83000280603
-375.02314841696585,532.5612117551154,-142979.0824175033
383.9976461202064,-947.0340535971527,-749419.3064467955
301.31220729992435,681.3224685682374,-373411.2599079642
622.0479569373373,343.6208629135022,268868.36330049555
640.3709056433742,570.7551890571697,84313.41095882969
-110.47048980689941,-494.170575798968,-232000.8288673073
172.23575409879425,-581.1051224000369,-308018.0082895815
359.02915445659096,881.8822674061526,-648814.3998156021
841.2343994138337,550.5145096371044,404609.08943617187
-775.83461800602,-949.724115130934,-300056.5403646886
626.9590287778162,-780.4222674120052,-215981.29170647275
-559.9389658631592,964.7375717799545,-617186.9369119785
-838.6657300463877,227.78486334811305,651474.2627837219
837.3485544960495,-702.4367687613524,207735.1876087339
-344.6701017725923,-432.96438987356794,-68660.68384266179
-961.7517762216553,-288.52052898433533,841722.3834201082
922.464747004348,-563.4273621753426,533490.8170179313
-324.50426573583024,-591.5178546612927,-244590.3539023479
-477.2015909633578,-976.1095242212816,-725068.444857537
-207.90766551688807,-19.468434929020177,42846.577422096714
59.01406531549944,15.917844118674752,3229.282143675605
7.549193543221221,-260.1529744142868,-67622.57977344755
161.16422781204062,448.07065282011325,-174793.40159239114
-479.3448277352269,-566.331116212707,-90959.46931421629
324.69825028428306,370.6816128209079,-31975.90434583454
352.47245106358946,-298.3696318829135,35212.39152882916
11.370502158111494,352.0061692387043,-123779.0548627797
-662.998992967234,-313.87183170681556,341052.1379365749
-994.3653361065092,808.3249440829297,335373.20642353955
-354.3039209868555,-773.6226199614076,-472960.68968929263
-511.4570041503698,-362.97570718789655,129836.90308591779
-218.1669842096647,-252.95851865871117,-16391.17916286945
805.8732658431628,-87.34890650509625,641801.8891330889
-851.2565453755351,-690.5282276613449,247808.4728475723
174.93540573650978,-684.6208102717536,-438103.25767695514
619.8993688131179,-965.1335348142098,-547207.5125680696
599.6685297577362,-180.97912281294728,326848.9026876611
-780.0360568901754,-248.1976668202845,546854.1682337399
433.292375381324,-660.1920155723524,-248111.214861895
346.1822183442415,763.222060452431,-462665.78526351415
820.9259751145559,-194.97657455669338,635903.5919919226
-954.9306712377563,-851.0002444643034,187691.1707922878
-230.8347000056872,774.9348865008483,-547239.419589367
-405.2363361363353,-503.7366947639656,-89534.1695265237
-94.37634463382422,-212.7836211572446,-36369.97500634743
360.61641165285863,672.5135620474558,-322230.2947843732
398.3826031594442,-599.9288115297467,-201205.88040339906
-852.5403959138629,419.75455968128637,550631.2362917355
-699.3510117643093,-538.9062197201617,198671.92400268785
605.6591523562838,554.6509644710679,59185.31644424633
809.3092829966175,911.2093961954404,-175321.04817035992
-416.8049937795438,-476.704419088902,-53520.70033932198
546.1182660578166,-344.81992184502747,179344.38202078536
372.0851696513797,246.47921517911914,77695.36995918152
-602.1511974973423,-397.1418209096922,204864.4387320173
993.8540617308931,695.9299358417439,503427.4204183001
-616.0464515620117,-242.73083752631916,320594.97099591774
-464.78518046372017,-612.9330096594789,-159661.61035153392
198.37391179840253,-20.485233836224616,38932.564076875584
-547.550602997198,707.0869792082734,-200160.33332328615
-864.745282575342,-970.7362157064645,-194544.39674779936
-434.40905718205494,342.44866166022234,71440.14308892445
249.17701683539843,790.6717507459116,-563072.6317086165
359.3342329002746,964.9931453999039,-802090.6797347713
-896.2676095340573,-155.72918644947933,779044.0483876767
-473.44245259128223,-737.4234704206992,-319645.6188116593
16.987839302904824,-804.7715764538749,-647368.7035838737
-814.2736373325764,707.749007277299,162132.89915282192
21.85788978671271,-674.2835342211579,-454180.5171758473
-429.1917303699915,124.14012204945148,168794.77151553475
-793.272940847476,155.01673867431975,605251.7694115808
-531.4391770033458,968.0450252228095,-654683.5720046364
624.7828226703616,-987.1506825498999,-584112.8945547887
-913.376600633369,-274.1680322219069,759088.7046921363
416.4286904486287,497.1519875707564,-73747.24451679367
-875.1767345602033,-941.9471181907254,-121330.05675235193
640.0023718984096,401.5090381520025,248393.52831784394
-61.497003736274,-422.8437325887941,-175014.94072108433
-355.7117446040518,-794.4034998861922,-504546.07538217324
857.5152606804062,14.672019765315646,735117.1541357911
364.83825289610223,-380.4486553745048,-11634.228599988477
-526.9714899323211,-826.9519026068009,-406150.4980235175
-180.22157829288884,-93.68696146636002,23702.570533580634
-688.1906058296546,814.886336486772,-190433.4314406457
-774.4528115278906,-365.7084047929164,466034.5199472748
283.5406344405393,245.77988272240628,19987.540627903756
974.0277200571994,874.3221194736503,184290.83083892986
754.2053329911256,-524.1111414969706,294133.1956709971
-736.3341325760017,733.2499985191142,4532.394468171871
291.6464878671113,584.7449875039456,-256869.02652576833
814.4702789410882,290.37919511963264,579041.7583200482
-268.26251447978433,3.2480498526793715,71954.22684717101
-549.4170769119147,-763.3426100857735,-280832.8159701284
569.2961411228864,-355.9275274865507,197413.69147472008
47.39130982015831,-366.6131980024186,-132159.30070309035
-64.7690512788694,-925.0205730311301,-851468.0305272755
276.44917459368673,363.498079396505,-55706.707591417144
-823.53436178372,740.9125343954188,129257.46141427639
-871.740426108071,529.7620128498099,479283.580252399
592.2877885263958,-567.1375225662109,29159.854934949253
112.50752835078123,107.32478439229752,1139.3345907486928
435.40613686113846,-540.4371656743062,-102493.82602573707
-950.1166781556464,-245.17627198349405,842610.2977657958
-240.34233877112294,208.61715668215962,14243.32174382449
-12.232703323360148,61.155398477731644,-3590.3437323727953
59.945159544389895,-100.84615169287943,-6576.52415846089
66.17587299078833,-104.60324166514256,-6562.592000763267
815.4136537932638,-367.63020102505675,529747.4620867572
-169.31400959374042,274.95394774576465,-46932.43953627146
-987.875397694092,482.55661751706367,743036.9122597509
-490.4237163350915,568.0810188316652,-82200.62241290047
149.18413650587308,590.6306695430491,-326588.6812198675
-508.36209374132727,-49.27235307638492,256004.25357538208
-232.60319860216387,402.1626639269388,-107630.56025685424
-521.2434268822498,804.1537991572114,-374968.6226310255
-291.3043921160337,-248.39050735573858,23160.40472165068
323.62358002896116,-128.5407300528865,88209.50226823239
-902.2851415638031,513.6735940312302,550257.9154818512
-593.9594686602012,707.0596510274485,-147145.4996999487
14.831996685014115,-589.8353187414358,-347685.71510914684
-761.652832071502,42.38319559914905,578318.7013333439
241.9412096986854,753.6889972194538,-509511.5555792025
706.698850192265,283.38576958840434,419115.7704578572
-894.1738422556843,995.4851304531456,-191443.7847790229
-5.496661553525611,821.9556708598861,-675580.9115704915
668.6906454590059,-535.178452376241,160731.20343655342
483.8568919368406,284.3779789874009,153246.6569418208
-550.1780132715356,-157.6408835549775,277845.19811942003
765.2637504835449,-360.3978796590927,455741.97614137136
47.648096587085114,-983.8179984376422,-965627.5129414764
-449.10211540834456,324.4723661523574,96410.39366774057
-110.02670360298619,-725.0868873837327,-513645.1187500905
279.04898676742266,243.9899003731639,18337.265531818783
785.1092650464818,-904.4187406642418,-201576.70040286623
489.570275539872,-567.7689558860568,-82682.53257575695
-951.6739967540507,-478.5827778590896,676641.9208345062
513.8649247949498,-167.91537326348615,235861.58835630355
164.42220159544598,12.989719415578246,26865.92756699803
813.2590916495844,-350.965298566712,538213.7093526858
-303.50337167369145,-364.8215791332572,-40980.48798398457
-439.3385585343306,327.07897575898835,86037.71263147457
-901.5287180665096,-586.3952973635867,468894.58472851483
993.7893909648272,670.7193735707745,537752.8755110701
782.8511809141986,-394.3864484993306,457315.3006988402
-237.46086657821073,96.29139492331765,47115.63041979648
751.6561249696751,-413.60940819853795,393914.1876540831
443.6521453433878,533.3965358594628,-87684.63839908471
500.0789120631197,-175.9629392329394,219115.96230673825
862.9105629101349,-552.8236549805375,439000.6460758455
738.6601724531273,130.1698968807439,528674.6483145403
734.4121192027583,468.71719123137143,319665.3554760604
-364.0282633712045,-255.21903533450964,67379.82053597734
-780.0139537523047,75.67224200549357,602695.4798381645
-800.436525635787,-989.1865766986875,-337791.4519489786
-972.6493050411433,735.2035879463494,405522.35486783343
-79.0976761943176,-967.4804961239507,-929762.0680009048
